452021.05.12.11.59.35,Add Restaurant452021.05.12.11.59.57,Add Restaurant482021.05.12.12.00.04,Add drivers.482021.05.12.12.02.20,Add drivers.
482021.05.12.12.03.06,Add drivers.
492021.05.12.12.03.58,Register users.
502021.05.12.12.05.49,Login user.
532021.05.12.12.06.11,Show all local drivers.
552021.05.12.12.06.24,Show current user info.
522021.05.12.12.07.04,Show all local restaurants and place order.
512021.05.12.12.17.59,Edit current user.
502021.05.12.12.18.19,Login user.
512021.05.12.12.18.24,Edit current user.
502021.05.12.12.18.39,Login user.
512021.05.12.12.19.00,Edit current user.
552021.05.12.12.19.04,Show current user info.
472021.05.12.12.34.21,Add drinks to a restaurant.
